No.,Author,Rating,Review
1,n*****n,3,"baju kurta sampai dalam keadaan baik, tapi tak ada yang standout."
2,y*****i,2,"Sizing tak accurate langsung, aku rasa macam baju sekolah zaman rendah. 😑"
3,amalinadinee,2,"Baju kurta aku dah koyak sebelum pakai, memang tak quality langsung! 🙄"
4,c*****8,5,"Delivery laju. Kain cantik. Thanks seller. Masih tunggu lagi 2pasang baju untuk smpai. Pos out lambat pulak dari yang ini. 
 
 "
5,8kbvdmoyw9,5,"Baju selamat mendarat kain cantik dan sedap di pakai seller peramah.abg j&t pun laju buat keja.
 "
6,c*****8,5,"Baju cantik. Pos dalam 4hri Kualiti okay la. Thanks seller. 🤪🤪🤪🤪
 "
7,aryanrifqi_14,5,"Selamat sampai thank you ya saiz ukuran sama seperti dalam carta ukuran.
 
 "
8,q*****n,5,"Bungkusan bagus dan baik. Barang sampai dengan selamat. Tiada kerosakan dan kebocoran plastik yang di balut. Video tiada kaitan. Kain baik dan lembut.  
 "
9,eijarosli,5,"Baju size 3-4 ok semua cantik jahitan kemas. 

Baju size 1-2 jahitan kemas tapi Ada sikit kekotoran karat dibelakang baju. Skrg Cuba untuk hilangkan kesan karat tu. 

Overall harga dan quality reasonable. "
10,zalinazal,5,"Perfect..
Penghantaran sangat cepat.
Kualiti kain pun best.
Anak 1 tahun 11 bulan.
Amik size 1/2 fit².
Seller respond pun cepat..
 
 
 
 
 "
11,aziehanijamaludin,5,"Meterial baik, barang sampai dalam keadaan baik, seller pun baik, ada rezeki akan repeat order lagi Terima kasih seller Terbaikkk Terbaikkkkkk Terbaikkk Terbaikkkkkk 
 "
12,s*****d,5,"Baju cantik kain ok sedap pakai,penhantaran cepat layanan seller memang terbaik la mudah berurusan kalau ade 10 star nak bagi 10 star👍🏻👍🏻👍🏻👍🏻👍🏻
 
 "
13,shafinazmansor1,5,"Tq barang sudah sampai...

Anak2 suka kain pun best boleh repeat lagi

Cuma tangan je panjang sikit dengan ank2

👍🏻👍🏻👍🏻👍🏻👍🏻👍🏻👍🏻👍🏻👍🏻👍🏻👍🏻👍🏻👍🏻👍🏻👍🏻👍🏻👍🏻👍🏻👍🏻👍🏻👍🏻👍🏻👍🏻👍🏻👍🏻👍🏻👍🏻👍🏻👍🏻👍🏻👍🏻👍🏻👍🏼👍🏻👍🏻👍🏻👍🏻👍🏻⭐⭐⭐⭐⭐⭐⭐⭐⭐⭐⭐⭐⭐⭐⭐⭐⭐⭐⭐
 "
14,p*****n,5,"Colour cantik wey. Susah gilos nak cari colour ni banyak yang sudah sold out. Seller pos awal tq ya ni baju raya anak untuk 2021 ini walaupun tak rentas negeri raya tetap raya okbye
 "
15,eilasuhailahabdrahman,5,"Allhamdulilah semua ok kain pun cantik warna pun cantik.delivery pun dikira laju tak berhari tunggu.order jumaat isnin hntr.ok lah sabtu ahad pos laju cuti🤭
 
 
 "
16,fm111,5,"At first seller contact to say takde colour cream, so kena tukar. In the end, yang dihantar warna nude cream jugak. Anyway, tq. Seller friendly and helpful. Cuma PosLaju lambat nak pick up
 "
17,sayaarida90,5,"Kain cantik sangat. fit fit size anak. Thank seller. Harga murah dengan kualiti yang sangat sangat baik👍🏻👍🏻👍🏻
 "
18,nrjuwaa,1,"Baju senget. Ukuran tak sama  Poslaju lambat hantar barang  Dekat 10hari baru sampai. Baju plk ade kesan kotor. so bad. Rugi duit aku. ini first time beli dalam shoppe service teruk macam ni
 
 
 "
19,m*****3,5,"Received item in good conditions. Quality is ok, acceptable considering the price range. Size 8 fits my 8 years old nephew perfectly. But I suppose to take 1 size bigger since he’s quite tall. Shipment response from the seller to courier is a bit slow. 
 "
20,d*****n,5,"Penghantaran pantas. Baju sesuai muat ikut saiz cuma tangan panjang sangat. Nk kena baiki sikit. Keseluruhan semua memuaskan. Jahitan baik & kemas. Butang ketip bagus, ank susah cabut lepas tu hilang entah ke mana. 
 "
21,nurulmaksom,5,"Baju dan kain cantik. puas hati. dah boleh raya 😂😂  memang berbaloi   delivery pun cepat 
 "
22,s*****3,5,"Baju muat2 je dengan adik saya umur 6 tahun. Tahun depan takdapat pakai lagi 😂😂😂 tapi nasib baik harga murah. Kain berkualiti
 "
23,hayfa_raisha09,5,"Kain yang berkualiti, kain sejuk sedap dipakai. Cuma saiz 5 agak untuk ank 5 tahun dana saiz 9 juga bedar untuk ank 9 tahun. Kalau budak yang badan besar memang fit ."
24,atiqasayaahira,5,"Order received with thank you 🥰 Kain selesa dipakai. Memang recommended 👍👍👍👍👍 Baju memang fit2 untuk anak saya setahun sebulan 👍 
 "
25,sharmizasaharim,5,Terbaik baju cantik saiz fit2 dengan ank umur 1 tahun 10 bulan saiz 1-2Y
26,noorsuhaidaariffin,5,"Kualiti jahitan dan kain ok.saiz 5-6 years muat untuk anak umur 3thun 4bln tinggi 106 berat 20kg cuma kena lipat sikit je bahagian tangan.
 
 "
27,szaliani,5,"Berbaloi tunggu seminggu. Kain como crepe, jahitan pun kemas. Tq seller
 "
28,f*****a,5,"Kain cantik harga pun berpatutan belikan untuk adik bongsu sorry video takde kena mngena.selamat berpuasaa semuaaa
 
 "
29,aothman9,5,size just perfect. product is off good quality and the price just superb!!! 
30,suria2808,5,"Baju selamat sampai
Seluar fit dengan anak, cuma baju besar sikit, tetapi anak tak kisah. boleh lipat sikit lengan baju fit la.
Anak cakap cantik
 "
31,mas_miera,5,"Barang sampai dalam keadaan baik dengan bungkusan yang elok. Thanks seller 
 
 
 "
32,i.am.duchess,5,"Kain dan color semua cantik. Jenis kain tak mudah kedut tapi selesa untuk budak2 n cuaca dekat msia. Saya tersalah beli size 3-4tahun. Kalau ada sesiapa nak size tu boleh dm saya. Rasa berdosa pulak kalau takdipakai kan. Size 5-6 tu sesuai untuk anak saya 6thn.
 "
33,barang_keperluan_mommy,5,"Kain cun. Size ikut size badan biasa. Kalau nak longgar sikit ambil size besar sikit. Colour bukan betul2 maroon. Tapi ok je. saya suka. Thank you seller
 "
34,maizatulfaziramarzuki,5,Bj cantik. Penghantaran cepat. Semalam bayar hari ini sudah dapat. Tq seller
35,mma_collection,5,"Kualiti cantik, baju sesuai dengan ank saya, penghantaran pun cepat
 "
36,awedomdeee,5,"fit.kualiti baju mantap saiz cun cuma pos laju je tak berapa nak laju. seminggu baru sampai. kalau j&t selalu 2 ke 3 hari sudah sampai.
 "
37,a*****y,5,"Seller baik sangat sangat melayan saya yang salah beli saiz baju anak. Siap pos semula. Terima kasihhh 😭 kalau tak melayang lagi duit nak beli baju baru. Penghantaran pun cepat. Tqtqtq!
 "
38,azmimatsalleh,5,"Baju cantik, labuh tangan je panjang sikit, tak apa boleh lipat atau jahit. Penghantaran je slow poslaju
 "
39,fabdillah2110,4,"Baju dah sampai. kain cantik. baju fit2 dengan tuan nya.. Cuma penghantaran laa makan masa sikit. mohon seller tukar kpd courier lain. order 20hb.4 sampai 3hb.5. parcel dari oversea sampai dulu
 
 "
40,d*****1,5,"Senang seluar jenis getah ni. Butang baju ni pula jenis klip je. Memang cantik sangat baju ni. Material dia breathable la, oklah kalau budak2 tu jenis aktif sampai petang. Tq seller.
 "
41,intanfizie,5,"Shipping took a while lepas order was placed, items were securely packed with bubble wrap. The kain is match the penny spent.
 "
42,henrah1989,3,"Saya order 3 pasang baju. tapi yang sampai hanya 2 pasang. sudah la lama tunggu. sekali sampai takda sepasang baju. pasti nak pakai raya hari tu. kecewa sikit😢😢😢
tapi kain puas hati sangat."
43,fairul,5,saiz fit dengan saya dan anak2. kain cantik dan jahitan kemas. will buy again. tq
44,rohana_embong8284.,5,"anak saya nak masuk 6 tahun, saya ambik saiz 7-8 memang fit2..nasib tak ambik saiz 5-6.sebab badan dia tinggi.kain cantik.jahitan kemas.delivery laju.semalam order ,sampai dah harini.tq seller..terbaikk
 
 "
45,tnridzuan,5,"terbaik kain dan cutting sama macam measurement 

muat dengan anak 5 tahun
 "
46,qaseh_haura,5,"Kain lembut dan selesa. Butang jenis snap, mudah pakai. Warna tepat, gold mustard. Yang bestnya, measurement sangat tepat, anak2 padan.
 "
47,m*****9,5,Baju cantik. Cutting ok . Colour sama macam dalam gambar. Kain macam keras sikit. Tapi terletak elok bila pakai. Harap lepas basuh ok. Dapat free sampin. Terima kasih
48,elennatzen,5,"Kain sangat selesa dan ukuran terletak elok..puas hati sangat..penghantaran pn sangat laju
 "
49,fazdyla,5,Baju n seluar fit padan dengan anak Saya umur 2y4m . Berat 12kg. Kain sangat berpuas hati. Recommended.
50,emmaa1989,5,"Baju yang sangat cntik.saya suka.ank pun suka.size fit2.ank umur 7 tahun.material ok.semua ok.boleh guna untuk raya nanti.yeay.tq.
 
 "
51,s*****5,5,"Nice. jahitan kemas.saiz semua ok. 
penghantaran pun cepat. thank you seller 😀😁😂🤣😃😄😅😆😉😘🥰
 "
52,nuruledarahayuederus,5,"seller terbaik. penghantaran memang pantas.  kain elok, cantik. jahitan sangat kemas.   warna kain sedondon anak dan ayah .
 "
53,abumuaf,5,Mantap gila kain cantik warna kat gmbar tak lawa bila pakai kacak alhamdulillah kacak
54,ezyhandsock_,5,"Cantik baju ,nice quality and cukup dengn anak buah umur 6 tahun
 "
55,raven96.ysf,5,"Biru dia cair sikit laaa but still baby blue. Saiz muat dengan badan cuma labuh seluar. Kain pun cantik sejuk je pakai. Memang muat cantik handsome anak buah hahaha Seller ship laju, shopee express pun laju Superb Thanks seller
 
 
 
 "
56,shafalela_shopp,5,"Kain cantik,kemas je.Rasanya Kain agak PANAS Tu.si bulat agak taksesuai,maybe patut pakai kurta je
 
 
 "
57,wahyudiansor,5,"Baju raya anak2 sudah smpai🤩 kain lawa sangat, saiz fit untuk anak2. Adik umur 6y berat 20kg abang 8y berat 22kg. Abang yang excited sangat sebab tahun ni color pilihan abang nak maroon@merah. Warna sebenar agak gelap skit. Dalam gambar nampak terang sebab cahaya lampu. Good job seller. Will repeat soon❤️❤️❤️❤️❤️
 
 
 
 
 "
58,st_ajo1986,5,"Barang dah terima baju nampak ok, penghantaran yang cepat, terbaik
 "
59,zaleharaman,5,"Baju Melayu cantik gila! Fast delivery, sizing on point. Highly recommend this online shop."
60,shafieriezal,5,"Kain lembut, design modern. Beli dua, dapat diskaun. Servis mantap, terima kasih!"
61,nisayaanuar,5,"Baju sampai awal, terbaik! Kualiti kain memuaskan, harga berpatutan. Repeat customer here!"
62,p.miza27,5,"Baju puas hati, trendy habis! Penghantaran pantas, penuh rekomen. Terima kasih, seller!"
63,olakamaruddin,5,"Online shop ni memang the best la. Baju Melayu stylish, harga berbaloi. Puas hati!"
64,m*****8,5,Repeat order dah kali ke-3. Kualiti tak pernah mengecewakan. Service customer memuaskan!
65,sure.wina,5,"Suka sangat design baju! Kain sejuk, harga berpatutan. Penghantaran pantas, terbaik!"
66,a*****8,2,"Kualiti kain tak seberapa. Design ok, tapi agak kecewa dengan kualiti bahan."
67,f*****n,5,"Pertama kali beli, memang puas hati. Baju cantik, harga berpatutan. Will repeat order!"
68,atharitako,5,"Design moden, harga berbaloi. Kain selesa sangat. Penghantaran pantas. Terbaik lah!"
69,eylavela,5,"Baju sampai awal, kualiti memang tip-top. Size kena, harga berpatutan. Recommended!"
70,nursinya,5,"barang sampai dengan selamat.sangat puas hti ngn quality kain,jahitan kemas.sangat recommended
 "
71,yonbobcat,5,"Warna seperti dalam pic, ukuran itu fit2 dengan badan anak, takut tak sempat untuk raya haji ja, apa pun delivery cepat, bungkusan baik
 "
72,nzurazoora,5,"Material kain ok.color pun cantik.size cun je badan anak sebab chubby.
 "
73,a*****h,5,"Kali ke 2 beli selepas pembelian pertama salah size.😪 kali ni size ok.cuma seluar senteng sikit.anak 7tahun berat 25kg.kain selesa,warna cantik sebab tu sanggup order lagi.siapa nak beli saiz 8 dm saya ok.tak ada yang nak pakai.😊tq seller yang baik hati.tq abang pos.recommended 👍👍
 "
74,cby4979,5,"Puas hati kain sangat cantik memang berbaloi.trusted seller.penghantaran pun cepat.
 "
75,yuyu_cupink,5,"Baju ok tetapi macam susah nak masuk kepala. nak masuk lengan. anak baru satu tahun fit fit. labuh kaki je pingang suar ok. baju labuh ok tetapii tangan la panjang sikit. so far ok la untuk anak. just seluar je panjang sikit dan susah nak masuk kepala baju. color ingat lembut sikit but gelap sikit dari pink yang dicari.
 "
76,fazilacomel,5,"Baju sangat cantik. Jahitan kemas, warna cantik. 
Saiz 2 sesuai untuk baby 1 tahun 3bulan. Cuma tangan & selur panjang sikit. Tapi boleh je alter. untuk size 3-4 tahun, baju nya ada singkat sikit. Mungkin anak i tinggi kot🤭. button baju pun sesuai sangat. Tapi overall puas hati. Next time beli lagi.
 
 "
77,c*****e,5,"Kainnya okay, tak terlalu thick untuk anak kecil, memang tebaik untuk pagi raya nanti
 "
78,hannahherbs,5,"Penghantaran cepat. Terima dalam condition baik. Kain sangat elok. Terbaik!Maaf video tak ada kena mengena
 "
79,zulfyra,5,"Tq seller baju cepat sampai , tetapi kain easaya penuh tak nipis tak tebal sangat .
 "
80,g*****t,5,"Penghantaran boleh tahan lama juga sebab guna j&t. on time tu j&t Damansara ada problem 😅😅😅Saiz beli ikut chart ja memang mantap 😍💖🌼
 "
81,w*****i,5,"Seller ok recomended sangat.barang cantik, delivery cepat .👍👍. Sorry video tak ada kena mengena.🙏🙏
 "
82,k9qxuh1jxk,4,"Material:bagus tebal

Lambat pengeposan.6 Hari baru seller pos out itu pun lambat betul response Naik geram dibuatnya.nasib baju cantik tetapi  koyak sikit kat baju itu.jahit sendirilah sebab majlis pun sudah dekat.harap seller response cepat bila Kita ask"
83,a*****4,5,"Comfortability:Nice
Material:Good

Semua okay. Anak pun suka, yang penting selesa"
84,m*****s,5,"Material:okay
Comfortability:okay

Kain okay. Standard kain baju melayu. Warna cantikk. Baju big sikit sebab anak 1tahun 1 bulan, ambil saiz 1-2 tahun. Dekat baju saiz 2. Tapi okay la boleh pakai lama. Thank you seller
 
 "
85,miara00,5,"Comfortability:baju raya
Material:helok

Maaf pic tiada kena mengena. Baju cantik sangat kain helok sesuai untuk anak2. Seluar macam besar sikit.  Tq seller saya suka
 "
86,julinaahmad,5,"Baju dah sampai. puas hati size sama dengan anak. Kualiti pun the best
 
 "
87,sitiaishahomar388,5,"Material:soft
Comfortability:comfort

Penghantaran pantas. saiz fit dengan anak dan husband.
 "
88,eyda83,5,"baju raya anak2 sudah sampai.saiz ok,saiz memang tepat.kain dia ok very2 niceee!! takrugi pun beli tau guy,siapa siapa yang nak cari baju raya untuk anak2 tu beli lah di kedai ni ya, seller peramah sangat tahu guys ,penghantaran 3 hr je guys,tahun depan saya akan repeat balik kedai ni.tq shopee express,tq seller,saya amat berpuas hati.tq
 
 
 "
89,aszarif,5,"baju dah sampai.cantik sangat.anak suka.saiz 8 fit dengan umur anak 7tahun.tq seller.color cantik.tema tahun ni.berbaloi.harga cheap berbanding kedai lain.boleh repeat lagi lepas ni.
 "
90,rose5292,5,"Comfortability:good 👍🏻
Material:good 👍🏻

Last years pernah beli and now 2nd time beli good 🫰🏻 memang beli saiz besar
 
 "
91,a*****4,5,"Comfortability:size accurate
Material:cotton

baju cantik and penghantaran cepat anak suka!
 
 "
92,anggunviolet364,5,"Comfortability:selesa

Dusty green ini bright sikit.. Dah nak ke warna grey. Labuh dan panjang sikit.tetapi ok jeruk..penghantaran pun cepat. Selamat Hari Raya Maaf Zahir Batin.Thanks seller
 
 "
93,jamie010276,5,"Jahitan kemas. Kain tebal, harap anak takpanas bila pakai nanti.size fit untuk anak umur 3tahun 10 bulan. kalau nak comfortable sikit, kena ambil size besar.
 "
94,aziela98,5,"Material:macam panas
Comfortability:okay good

anak umur 1tahun 6bulan pakai memang fit.badan size sedap2 gitu. apa pun baju memang mantap , penghantaran pantas, insayaallah next boleh repeat, harga reasonable. baju smart
 "
95,m*****8,5,"Material:Kain terbaik. cooling
Comfortability:sangat selesa

Alhamdulillah dah dapat baju raya untuk anak-anak.walaupun saya order baju nude cream tapi dapat maroon. tapi tak apa,bila tengok baju saya, matching pulak dengan baju anak anak warna maroon ni. sayaukur alhamdulillah. 
size pun fit2 ikut umur. selesa. seller pun baik. 
sporting 

Highly recommended untuk siapa-siapa nak cari baju raya.
 
 "
96,f*****3,4,"Material:sejuk. tetapi mudah carik
Comfortability:ok

warna beautiful. saiz fit. tetapi jenis kain cepat carik anak baru pakai sekejap seluar dah mula nampak kesan carik di jahitan dari dalam.😥
 
 "
97,iynnasahar,5,The best. Kain selesa. Delivery cepat dan pantas. Baju sesuai as per size. bagus. Saya suka saya suka.
98,e*****5,5,"Parcel sampai dengan elok, big sikit baju dengan anak tapi tak apa lah boleh pakai lagi nanti
 
 
 "
99,amkhairul02,5,"Comfortability:comfort and not hot
Material:good material, not panas to pakai 👍🏻

Worth the price"
100,e*****n,5,"Comfortability:selesa
Material:kain elok, tak nipis, tak panas

saiz sesuai dengan anak2 umur 3+ tahun dan 5+ tahun. alhamdulillah. tqsm seller. ship n delivery laju. saya beli ya"
101,m*****n,5,"Comfortability:comfort
Material:nice

Setiap tahun repeat sini..kain baikk dan comfortable..jahitan kemas"
102,nadiajakfar,5,"Comfortability:Cantik
Material:Seakan kain mahal

Order semalam sampai hari ini. Samgat pantas seller buat kerja"
103,v*****e,5,"Comfortability:selesa
Material:tebal, senang iron

maaf, pic & video takda kaitan.
anak 10 tahun,skinny tinggi.
besar dan labuh dengan dia.
tetapi ok je boleh pakai lama.

suka beli, sebab kain dia senang iron.
tak tebal sanagt dan tak terlalu nipis.

butang siap sudah dijahit dekat baju, itu yang loveeeeee sangat.
trusted seller
 "
104,pc_terpakai_malaysia,5,"Comfortability:selesa untuk kids
Material:cotton lembut serap peluh memang sesuai untuk kids beraya tak panas, serius cun sangat n selesa, saya risau beli online untuk anak2 scared kain panas tetapi yang ini Alhamdulillah tak tebal sangat just nice👍🏻👍🏻
 "
105,nadieya_amanda,5,"Material:cantik sangat jahitan

You all kena beli dekat seller ni, cepat je dia buat keja, order cepat sampai, fabric baju fit size dengan anak saya 10tahun, baju lawa, color menarik 🤍
 "
106,e*****a,5,"Comfortability: good
Material:cantik

sangat cantik..saiz pun fit..cuma untuk ank setahun je labuh sikit tetapi tak apa boleh lipat..kain pun ok..seller sangat peramah dan sangat membantu.."
107,s*****z,5,"Material:kain tebal

Trust seller ✅ 
💯 Original produk
Pembungkusan kemas dan baik 👍🏻👍🏻👍🏻
Fast response,fast delivery 🚚 
Thank you
 "
108,rozanamokhtar6747,5,"Material:Terbaik.

Penghantaran fast .warna pun cantik.sesuai untuk anak umur 2 tahun setengah and 6 tahun setengah.sayang saiz abang tak ada stok .tq seller .recomended🥰
 "
109,manilynwahid,5,"Material:Giod
Comfortability:Good

Barang sudah smpai pnghantaran yang pantas tq seller 👍☺️"
110,rieyabasri,5,"Comfortability:selesa
Material:kain ok

Baju sudah sampai. Kain cantik jahitan kemas. Tq seller
 
 
 
 
 "
111,qasehqarirah,5,"Material:berkualiti
Comfortability:selesa

Jahitan sangat Kemas.satisfied dengan baju melayu ni. terbaikkk"
112,s*****h,4,"Material:kualiti good

Baju ok selesa.cuma kalau ikut sizing baju melayu,baju ni agak pendek sedikit kelabuhanya.overall ok
Tqsm
 
 
 
 
 "
113,n*****_,5,"Alhamdulillah baju sampai dengan selamat . First time beli online sebab malas nak bersesak sesak . Warna pun sama dengan baju mommy nya . Kain pun cantik nice je . Cuma senteng sikit dekat anak 5yo dan 7yo tu . Mungkin sekali je dua je boleh pakai . Tapi tak apa murah je . Tak rugi sangat lah beli .
 "
114,w*****3,5,"Material:best
Comfortability:selesa

Fit dengan anak. anak kecil kurus je 5 tahun tetapi ambil yang saiz 3/4 tahun.
 "
115,f*****9,5,"Comfortability:Really good
Material:Excellent

Bought this for my lil brother and he like it so much!! The saiz was also decent and the kain was good!! Colour bit off here due to lighting but the Colour in real life with good lighting was close near to the promo pic!! Will beli again with this seller in future ahaha Thank god it arrive before next week raya 😭🤣🤣
 
 
 
 
 "
116,addamarshall,5,Terima kasih seller.. Barang sampai dengan safe walaupun late Sangat. Tapi puas hatilah. Kain baju bagus dan cantik. Sesuai lah untuk anak pakai raya ni nanti. Maaf gambar dan video tak berkaitan. Xsempat nak ambil pic lagi.
117,n*****a,5,"Material:comfortable

warna cantik, kain selesa,saiz potongan suitable untuk kana-kanak 1 year old 3 months
maaf gambar tiada kaitan
 "
118,hasniza711,5,"Comfortability:jahitan kemas! Price murahh
Material:nice sesuai dengan harga

Overall satisfy tq seller ❤️ anak setahun 6 bulan.
 
 
 "
119,deadinda.my,5,"Material:moss crepe
Comfortability:terletak & selesa

My son umur 3 tahun berat 15kg. Baju selesa & husband i yang cerewet bab material baju pun puji material baju ini compare brand famous dekat luar sana . Tak panas & anak pakai pun selesa.
 "
120,kmzame,5,"Comfortability:ok
Material:baik

Baju ok dan baik, saiz sesuai dengan anak, baju ada congek little bit dekat belakang
 "
121,tiniyusoff,3,Kain ada stain a bit
122,amnb18,2,"quality kain dan ukuran ok. not sure sebab apa ada lubang sebesar lidi di setiap poket. Kalau tahu awal nak return ja, tetapi baru perasan lepas basuh. Tak tahu la seller perasan atau tak. 😔"
123,sofiyaeoo,2,beli sampai harga nak dekat rm50. Tapi baju hampeh kotor. Sudah basuh pakai berus cane pun takleh hilang.Mungkin customer lain dapat ok tapi yang saya dapat ni👎.Awak ni berbusiness tu alert lah item yang dijual. Bila chat nak selesaikan left me on read pula. My bad ttkan complete.Haih raya la adikku dengan baju kotor
124,raniacrystalenterprise,2,"pants umur 7-8 tahun bukan size standard .anak saya tinggi untuk 8 tahun kira rendah sikit .baya 7 tahun.seluar senteng.disappointed untuk seluar anak usia 2 tahun.boleh hntr seluar reject.patut QC check sblm klua..wlupun bg return,bkn smua org mudah nk klua pergi return.terpaksa hntr kedai,n byr kos tmbhn untuk alter"
125,nrjuwaa,1,Baju senget. Ukuran tak sama. Poslaju lambat hantar barang. Dekat 10hari bru smpai. Baju plk ade kesan kotor.so bad. Rugi duit aku. ini first time beli dalam shoppe service teruk macam ini.
126,nurulyudzwaini,1,"Seller tak response langsung chat baik pon wsp dia kasih blue tick jer, time nak beli bukan main sekejap jer reply, nak minta tukar size sebab anak pakai besar. Cutting sedikit besar. First time saya rate macam ini, saya bukan cerewet, cuma saya minta untuk respond, kalau tak boleh tak apa, just bagitau tak boleh."
127,cha_aprilll,1,"pelik, kenapa dekat poket baju melayu ada hole . sakit mata tengok. beli baju baru. bukan bundle. stress!!!! baru har ini perasan.. takde masa nak refund! orang nak raya dah. lain kali check la betul2. jangan buat sembarangan"
128,yayasofeya,1,Order 2 pasang baju untuk raya. tetapi hantar satu pasang baju. Cakap nak send semula yang tertinggal tetapi sampai sekarang tak ada respond lagi. Hati-hati lah membeli ye.mungkin admin nak untung lebih dengan cara begini. Dah tak safe membeli di sini. Takkan repeat lagi.
129,delalunastudio,3,Quality bagus. Tapi size M besar betul. Kena ambil 1 size small dari normal.
130,wg_gkivhh_555,3,Mula2 ok and cantik bajunya but dia punya kain jenis cepat pecah sebab bila pakai je koyak dekat tepi. So i advise kepada buyers yang lain to buy a saiz bigger to avoid this happening
131,melfriz_,3,baju sudah sampai lama sebelum raya. baru mahu rate. tetapi itu la jauh sangat color mustard gold tu🥲😂 mahu try return untuk change saiz tetapi seller tak ada respond langsung. is okay.
132,"
fakrulefendy",1,"Very disappointed.. Display 3 butang. mari hantar 5 butang. sudah satu hal nak return. nak cari masa pergi post office. harap shopee banned je peniaga begini. display lain. hantar lain. 

Hati hati guys. display tak sama dengan barang."
133,suhamizah,4,"Material: kualiti bagus
Baju ok selesa.cuma kalau ikut sizing baju melayu,baju ni agak short sedikit kelabuhanya.overall ok
Tqsm"
134,fabdillah2110,4,Baju dah sampai. kain cantik. baju fit dengan tuan nya.. Cuma penghantaran laa makan masa sikit. mohon seller tukar kepada courier lain. order 20th April sampai 3rd May. parcel dari oversea sampai dulu
135,k9qxuh1jxk,4,Lambat pengeposan.6 Hari baru seller pos out tu pun lambat betul response Naik geram dibuatnya.nasib baju cantik tetapi  koyak sikit kat baju tu.jahit sendirilah sebab majlis pun dah dekat.harap seller response faster bila Kita tya
136,"nadnadiahsudin
",1,"saya wait feedback hampir seminggu tetapi seller ni tetap tak respond pm saya,so saya terpaksa bagi bad rating,saya amat kecewa dengan kualiti baju yang dibeli dari seller ini,baru raya pertama kain sudah koyak rabak dan seakan kain lama yang mudah hancur,dua pair seluar yang dibeli semua jadi macam ni,kualiti amat teruk terima kasih kerana mengecewakan saya sebagai customer,semoga hasil perniagaan anda berkat
"
137,shamzahabdullah,5,"Seller is very reponsive sebab selalu reply dalam one hour. Saya sangat satisifed dengan baju ini, i will repeat order lain kali. "
138,sheila_2120,5,"delivery service very fast. Saya order Monday, Thursday dah dapat. Baju ni cantik dan selesa dipakai. Husband i sngt puas hati. Terima kasih seller sbb jawab query very soon, dan akan repeat order lagi next year."
139,aliahmad,4,"Baju dah sampai, dan baju ini fit my son very well. saya akan repeat order untuk husband. Cuma seller lambat reply message, saya hantar soalan tapi dua hari lepas baru dapat reply... But overall ok. thankyou"
140,sitibintiomar,1,"Nak minta tukar size sbb ank pakai besar. Cutting sedikit besar, mintak exchange tapi kena reject. First time saya rate macam ini, saya bkn cerewet, cuma saya minta untuk respond"
141,aisha432,1,"Baju sampai lambat sangat! Kualiti teruk, harga mahal. Service buruk, tak recommend langsung!"
142,benjamin017,2,"Design baju hambar, harga tak sebanding. Penghantaran lambat gila, sangat kecewa. Avoid shop!"
143,chloe128,1,"Teruk betul baju ni! Size tak kena, kain murah. Servis teruk, penipu! Tak akan beli lagi."
144,david073,1,"Penghantaran lambat, baju rosak. Kualiti teruk, tak sesuai dengan harga. Service buruk!"
145,emily541,2,"Baju tak sampai-sampai! Size tak kena, harga mahal. Customer service tak boleh harap!"
146,francis209,1,"Teruk betul service! Baju tak selesa, harga tak berbaloi. Penipu besar! Sangat kecewa!"
147,grace625,2,"Design baju tak beautiful langsung! Kualiti teruk, harga mahal. Penghantaran lambat sangat!"
148,henry782,1,"Baju tak serupa dalam gambar! Quality teruk, harga very over. Service sangat buruk!"
149,isabel143,2,"Size baju tak kena, kain murah. Service teruk, not worth it dengan harga ini. Tak recommend!"
150,jason998,1,"Pesanan tak sampai! Baju tak selesa, price mahal. Service buruk gila! Jangan buy di sini!"
151,karen376,3,"Baju Melayu looks stylish, but the fabric quality disappoints. Penghantaran was on time, but not worth the price."
152,leo410,3,"The design is nice, but the sizing is off. Kain agak nipis, not worth the money spent."
153,melissa287,3,"Baju cantik, but the harga is too high. The kualiti kain is just average, nothing special."
154,nathan561,3,"Servis penghantaran was good, but baju arrived with defects. Kain kasar, not satisfied with the purchase."
155,olivia804,3,"The design is trendy, but the sizing is inconsistent. Kualiti kain is acceptable for the price paid."
156,peter675,3,"Baju Melayu looks good, but the kain is too thin. Harga ok, but not the best value."
157,quincy132,3,"Baju sampai in good condition, but the design is too simple. Kualiti kain is just average."
158,rachel709,3,"Ok la baju ni. The design is standard, kualiti kain is acceptable. Harga berbaloi."
159,samuel245,3,Kualiti kain ok je. The design is simple and not too flashy. Penghantaran tepat masa.
160,tiffany619,3,"Design menarik, kain sejuk. Harga worth it for the quality. Servis penghantaran cekap."
155,u****n503,4,Certainly! Here are the reviews without numbering:
156,v****a821,5,"Baju Melayu cun habis! Great quality, harga berpatutan. Fast delivery, puas hati dengan servis seller."
157,w****m104,4,"Online shop terbaik! Baju cantik, design moden. Penghantaran pantas, sizing kena. Highly recommended untuk semua!"
158,x****z397,4,"Kain sejuk, design trending. Baju sampai awal, harga berbaloi. Repeat order dah beberapa kali, puas hati!"
159,y****h672,4,"Fast delivery, baju berkualiti tinggi! Sizing betul, harga berpatutan. Terima kasih seller, puas hati dengan pembelian."
160,z****k835,4,"Baju stylish gila! Kain berkualiti, harga berbaloi. Repeat customer sebab servis memuaskan dan design sentiasa up-to-date."
161,a****e256,5,"Baju sampai awal, kemas habis! Kain selesa, harga berpatutan. Servis penghantaran memuaskan. Terima kasih, seller!"
162,b****d498,5,"Baju cantik sangat! Kain lembut, sizing on point. Fast delivery, harga berbaloi. Terima kasih, saya suka sangat!"
163,c****s341,5,"Design baju menawan! Penghantaran pantas, harga berpatutan. Kualiti kain memuaskan hati. Terima kasih banyak, seller!"
164,d****y789,4,"Baju sampai awal, packaging cantik! Design kreatif, harga berpatutan. Repeat order terus, servis bagus. Terbaik!"
165,e****r125,4,"Baju Melayu modEN! Kain berkualiti tinggi, harga berbaloi. Penghantaran cepat, sizing kena. Puas hati dengan pembelian saya."
166,f****i539,3,"Baju Melayu ini okay saja. Design standard, harga tak terlalu mahal. Penghantaran agak cepat. Kualiti kain biasa-biasa saja. Tak terlalu puas hati, tapi bolehlah."
167,g****q702,3,"Baju sampai dalam masa yang berpatutan. Design klasik, kain okay. Harga agak mahal sedikit, tapi kualiti boleh terima. Penghantaran memuaskan. Boleh pertimbangkan untuk repeat order."
168,h****u864,3,"Baju Melayu ini biasa saja. Design tak terlalu menarik, kain standard. Harga agak mahal. Penghantaran pantas. Puas hati sedikit, mungkin akan cuba beli yang lain kali ini."
169,i****j127,3,"Baju sampai awal, design standard. Kain agak selesa, harga berpatutan. Penghantaran memuaskan. Puas hati sedikit, tapi overall okay. Bolehlah pertimbangkan untuk beli lagi next time."
170,j****k790,3,"Baju Melayu ini agak standard. Design biasa, kain tak terlalu selesa. Harga berpatutan. Penghantaran memuaskan. Puas hati sederhana, mungkin akan cuba design lain kali ini."
171,k****l453,3,"Baju sampai tepat pada masanya. Design tak terlalu menarik, kain okay. Harga agak mahal. Penghantaran cepat. Puas hati sedikit, mungkin boleh mencuba design yang lain."
172,l****n715,3,"Baju Melayu ini biasa-biasa saja. Design klasik, kain standard. Harga boleh terima. Penghantaran memuaskan. Puas hati sedikit, mungkin akan mencuba design yang berlainan next time."
173,m****o978,3,"Baju sampai dalam keadaan baik. Design simple, kain sejuk. Harga berpatutan. Penghantaran cepat. Puas hati sederhana, mungkin akan cuba design yang lebih moden kali ini."
174,n****p241,3,"Baju Melayu ini okay lah. Design standard, kain boleh terima. Harga agak mahal. Penghantaran memuaskan. Puas hati sedikit, tapi overall okay. Bolehlah pertimbangkan untuk beli lagi."
175,alex@23$,3,"Baju sampai tepat pada masanya. Design standard, kain okay. Harga berpatutan. Penghantaran pantas. Puas hati sederhana, mungkin akan cuba design yang lain kali ini."
176,mia#87@,2,"Baju Melayu teruk! Design hambar, kain tak selesa langsung. Harga melampau mahal. Penghantaran lembap. Puas hati sikit pun tak ada. Better beli kat kedai fizikal je."
177,ryan^15%,1,"Baju sampai, tapi design terlalu lama. Kain kasar sangat, tak selesa. Harga mahal, tak berbaloi. Penghantaran lembap. Kecewa betul, tak recommend langsung."
178,emma*42,1,"Baju Melayu tak okay langsung. Design tak menarik, kain berkualiti rendah. Harga mahal. Penghantaran ambil masa. Puas hati sikit pun tak ada. Better cari tempat lain."
179,jacob!99,1,"Baju sampai teruk! Design hambar gila, kain serupa plastik. Harga tak masuk akal. Penghantaran lembap. Puas hati sikit pun tak ada. Better beli dekat kedai je."
180,olivia$31,2,"Baju Melayu ni teruk betul! Design tak menarik, kain serupa tisu. Harga melampau. Penghantaran lembap. Puas hati sikit pun tak ada. Better cari tempat lain."
181,ethan&64,1,"Baju sampai tapi teruk! Design out-of-date, kain kasar sangat. Harga mahal. Penghantaran ambil masa. Kecewa betul, tak recommend langsung. Better beli dekat kedai je."
182,isabella*50,2,"Baju Melayu teruk! Design tak kreatif langsung, kain tak selesa. Harga mahal. Penghantaran ambil masa. Puas hati sikit pun tak ada. Better cari tempat lain."
183,lucas#12,1,"Baju sampai tapi sangat teruk! Design tak modern langsung, kain kasar. Harga too high. Penghantaran lembap. Puas hati sikit pun tak ada. Better beli dekat kedai je."
184,ava@78,4,"Baju Melayu yang sangat elegan! Sizing fit, kain berkualiti tinggi. Penghantaran sangat cepat dan packaging kemas. Terima kasih seller, saya pasti repeat order lagi!"
185,johnny__,5,"Baju cantik sangat! Harga berpatutan, sizing on point. Kain sejuk dan servis penghantaran pantas. Online shop terbaik untuk beli baju Melayu modern. Terima kasih, saya suka!"
186,sara99__,5,"The best baju Melayu yang pernah dibeli! Design modern, kain selesa. Penghantaran sangat cepat dan harga reasonable. Repeat order pasti. Terima kasih seller, satisfied sangat!"
187,mike__23,5,"Baju sampai awal, kemas habis! Design stylish, harga berbaloi. Kain berkualiti tinggi dan sizing sesuai. Repeat customer setia. Terima kasih, online shop yang terbaik!"
188,lily_42,5,"Online shop pilihan hati! Baju Melayu cantik, harga berpatutan. Penghantaran sangat cepat dan service pelanggan memuaskan. Saya suka sangat dengan pembelian kali ini. Terima kasih, seller!"
189,david__007,4,"Baju Melayu yang sangat menarik! Kain berkualiti, harga berbaloi. Penghantaran cepat dan sizing kena. Repeat order dah banyak kali. Terima kasih seller, puas hati!"
190,emily__88,4,"Baju sampai awal, servis tip-top! Kain sejuk, harga berpatutan. Design yang terkini dan sizing kena. Terima kasih seller, saya pasti repeat order untuk next event!"
191,maxwell_12,5,"Baju Melayu yang sangat elegan! Penghantaran pantas, kain berkualiti tinggi. Harga berpatutan dan sizing on point. Terima kasih seller, repeat order pasti. Puas hati dengan pembelian!"
192,sophia_19,5,"Online shop terbaik untuk beli baju Melayu! Design cantik, harga berbaloi. Penghantaran cepat dan kualiti kain memuaskan. Repeat order terus. Terima kasih, saya suka sangat!"
193,jason__xyz,5,"Baju sampai awal, servis memuaskan! Design yang interesting, harga berpatutan. Delivery cepat dan sizing kena. Terima kasih seller, saya suka sangat dengan pembelian kali ini."
194,mia__2022,4,"Repeat customer here! Baju Melayu cantik gila, sizing perfect. Fast delivery, top-notch service"
201,happyshopper321,1,"Baju Melayu yang aku beli ni, so disappointing la. The kain feels cheap gila, and sizing tak kena langsung. "
202,puterinabilla_,1," Customer service diorang memang teruk. Ada problem dengan order aku, dorang macam tak kesah langsung. "
203,husnahusein,1," Aku dapat Baju Melayu aku lewat gila. Plus, baju tu tak sama langsung macam dalam gambar online. Memang menyesal beli. "
204,iam_qayyum,1," Quality tak worth the price. After one wash, warna dah fade, and kain jadi teruk. "
205,mohammad_9869,1," Beli Baju Melayu, regret betul. Stitching dia tak tahan lama, dah tercabut lepas pakai beberapa kali. "
205,sleekstyles_1234,2," Customer service diorang worse. Aku ada issue dengan order, dorang buat dunno je. "
207,stylewith_nina,1, Baju Melayu yang aku dapat bau sangat chemical. Tak tau la kalau selamat nak pakai ke tak. 
208,hakimi_2022,1," Website diorang susah nak guna, and checkout process memang confusing. Ended up dengan something yang aku tak nak. "
209,sofiatan,1," Aku order color specific, tapi Baju Melayu yang sampai warna lain betul. Frust gila. "
210,mohammad_hakim,2, Fabric dia gatal and tak selesa langsung. Not at all what aku expect from the description. 
211,sheeraaaaaaaaa,2," Aku dapat defective piece, and the return process susah nak handle. Dorang tak cooperate langsung. "
212,azmi_92,2," Baju Melayu shrink banyak after first wash, walaupun aku ikut care instructions betul-betul. "
213,mohd_iskandarr,2," Delivery lambat sangat, and bila Baju Melayu sampai, ada stains on it. Tak boleh terima. "
214,"lawrence_tann89
",2, Button kat Baju Melayu lepas je after a few wears. Quality control diorang memang tak ada. 
215,hanif_ha_fikal,2," Website tunjuk style lain, yang sampai macam completely different product. Tak puas hati langsung. "
216,aisyahainaaa,2," Sizing chart tak accurate. Baju Melayu yang sampai either terlalu kecik or terlalu besar, padahal aku ikut measurements. "
217,lailahtulain1212,1," Aku dapat item yang rosak, and customer service tak responsive bila aku nak refund. "
218,sitinoraliyah_1209,2," Stitching tak sekata, and it gives Baju Melayu a sloppy look. Tak worth the money langsung. "
219,muhammad_syamzahh,2," Baju Melayu yang aku order penuh dengan loose threads. Clearly, dorang tak check quality betul-betul. "
220,dhfjriw_dff,2, Return policy dia terlalu strict. Aku stuck dengan Baju Melayu yang tak suka and tak boleh dapat refund
221,random_name,3,"Baju Melayu yang aku beli ni okay la. The kain quality is standard, and harga pun quite reasonable."
222,random_name,3,"The design of Baju Melayu di sini simple je, tapi still nampak smart."
223,random_name,3,"Penghantaran agak pantas, Baju Melayu sampai dalam keadaan baik. Thank you!"
224,random_name,3,"Baju Melayu yang saya dapat ni looks exactly macam dalam gambar online. No surprises, so I'm content."
225,random_name,3,"Kain Baju Melayu sangat comfortable, tapi maybe boleh improve sikit on corak and warna."
226,random_name,3,"Harga Baju Melayu di sini bersaing, and banyak pilihan warna."
227,random_name,3,"Saya beli Baju Melayu ni for raya, and it has a traditional touch. Suka!"
228,random_name,3,"Kainnya tak terlalu tebal, sesuai for hot weather. Overall, quite memuaskan."
229,random_name,3,Baju Melayu yang saya beli sesuai dengan tema event yang saya hadiri. Good match!
230,random_name,3,"Customer service baik, they helped dengan pertanyaan saya tentang sizing. Terima kasih!"
231,random_name,3,"The sizing chart diorang quite accurate, so Baju Melayu yang saya dapat fits nicely."
232,random_name,3,"Kain Baju Melayu ni tak mudah kedut, which is a plus point for me."
233,random_name,3,Harga memang berpatutan for the quality of Baju Melayu yang saya dapat.
234,random_name,3,Saya suka dengan simplicity of Baju Melayu design. Casual and comfortable.
235,random_name,3,"Baju Melayu yang saya beli ni versatile, boleh pakai untuk pelbagai occasions."
236,random_name,3,"The color options for Baju Melayu di sini quite extensive, banyak pilihan."
237,random_name,3,"Kain Baju Melayu ni easy to maintain, tak susah nak iron."
238,random_name,3,"Design Baju Melayu ni classic, so boleh pakai for years to come."
239,random_name,3,"The customer service response time quite fast, sangat efficient."
240,random_name,3,Baju Melayu yang saya beli ni ada good balance between traditional and modern elements.
241,random_name,2,"Customer service diorang memang tak helpful langsung. Aku ada problem, dorang buat tak tau je."
242,random_name,2,"Delivery lambat gila, and Baju Melayu yang sampai, ada defect besar. Menyesal betul beli."
243,random_name,2,"The website susah nak navigate, and aku tak jumpa info pasal sizing dengan senang."
244,random_name,2,Baju Melayu yang aku dapat ada bau pelik. Seolah-olah tak dicuci betul-betul.
245,random_name,2,"Customer service diorang tak responsive langsung. Aku call and email banyak kali, tak dapat response."
246,random_name,1,"Baju Melayu yang aku dapat lepas basuh, warnanya dah jadi tak sekata. Low-quality dye used, maybe?"
247,random_name,1,"Aku order color specific, tapi Baju Melayu yang sampai warna lain betul. Seriously?"
248,random_name,2,Kain Baju Melayu ni scratchy gila. Aku pakai rasa macam nak gatal je.
249,random_name,2,The stitching on the Baju Melayu is uneven. Macam takde quality control langsung.
250,random_name,2,Baju Melayu yang aku beli ni sangat mudah kedut. Iron pun tak help much.
251,barang_keperluan_mommy,1,"""Return policy"" diorang complicated. Aku tak faham nak buat macam mana."
252,maizatulfaziramarzuki,1,"Aku order baju Melayu untuk event, tapi kain dia ""see-through."" Memang tak boleh pakai langsung."
253,mma_collection,1,"Kualiti baju Melayu ni macam tak ""consistent."" Ada yang bagus, ada yang teruk."
254,s**********7,2,baju Melayu yang aku dapat ada benang terkeluar sana-sini. Kainnya tak kemas langsung.
255,y*****p,1,baju Melayu tu iron susah sangat. Kain dia macam resistant nak smooth.
256,s*****n,1,"Aku beli baju Melayu tu untuk special occasion, tapi bila sampai, design dia terbalik. bukan main frust."
257,mohm__hakim,1,baju Melayu tu punya sizing macam tak standard. Aku tak paham la kenapa.
258,alialia,1,"Aku dapat baju Melayu yang dah lusuh sikit, macam orang dah pakai sebelum ni."
259,azmi_92,1,"""Customer service"" dorang macam tak faham bahasa aku. Susah nak communicate."
260,mohd_iskandar,1,"Aku bayar untuk express delivery tapi baju tu sampai lambat. Aduh, memang tak berbaloi."
261,ismailb,1,"baju Melayu tu punya ""hem"" senang terkoyak. Quality control diorang tak okay langsung."
262,petty_lie,1,"Aku order baju Melayu untuk raya, tapi warna dia dah jadi ""dull."" Aku rasa ditipu."
263,a*********a,1,"""Material"" baju Melayu tu ""clingy"" sangat. Tak selesa langsung."
264,z****k83,1,"""Website"" diorang loading lambat sangat. Aku tak sabar nak shopping."
265,a****e26,2,"Aku beli baju Melayu tu sebab nak quality tinggi, tapi kain dia nipis sangat. Tak match dengan description."
266,b****d9,1,"Aku beli baju Melayu tu sebab design cantik, tapi bila sampai, design dia dah ""smudged."" Sungguh kecewa."
267,c****s31,1,"""Price"" dia mahal, tapi kualiti kain dia macam kain biasa je. Tak worth it langsung."
268,d****y7,2,Aku beli baju Melayu untuk event tapi sizing dia terlalu besar. Aku rasa cam hantu pakai.
269,e****r12,2,"baju Melayu tu tak ""breathable"" langsung. Aku rasa panas je bila pakai."
270,f****i39,2,"Aku order express delivery tapi baju Melayu yang sampai ada banyak ""loose threads."" Memang tak kemas langsung."
271,g****q7,3,"Saya rasa okay je dengan pembelian baju Melayu ni. Kualiti kain standard, harga pun average."
272,suria08,3,"The design is simple, kain sejuk, tapi tak wow sangat. Worth it for the price."
273,nur_miera,3,"baju Melayu dah sampai dalam keadaan baik. Standard je, tak ada yang istimewa sangat."
274,i.am.lawrence,3,"Sizing quite accurate, tapi rasanya boleh improve lagi quality kain sikit."
275,barang_MM,3,"Service penghantaran pantas, tapi baju Melayu ni macam biasa je. Tak ada yang standout."
276,msia_markett,3,baju Melayu ni berbaloi dengan harga yang dibayar. Tapi ada ruang untuk improvement.
277,random_name,3,"Kualiti kain okay, tapi design agak biasa je. Overall, okay lah."
278,random_name,3,baju Melayu yang saya beli sesuai dengan harga yang dibayar. Sederhana je.
279,random_name,3,"Penghantaran cepat, tapi design baju Melayu ni tak ada yang wow sangat."
280,random_name,3,"baju Melayu yang saya beli selesa, tapi takde elemen 'wow' yang membuatkan dia berbeza."
281,random_name,3,Standard je lah baju Melayu ni. Tak ada yang terlalu istimewa.
282,random_name,3,Kain baju Melayu ni agak selesa. Harga pun okay.
283,random_name,3,"Saya puas hati dengan sizing baju Melayu ni, tapi quality kain boleh improve lagi."
284,random_name,3,"baju Melayu yang saya beli okay, tapi takdelah terlalu memikat hati."
285,random_name,3,"Design simple, tapi kualiti kain standard. Harga berpatutan."
286,random_name,3,baju Melayu sesuai dengan harga yang dibayar. Tidak terlalu istimewa tapi okay.
287,random_name,3,"Kualiti kain lumayan, tapi saya harap design boleh lebih kreatif sikit."
288,random_name,3,"Saya berpuas hati dengan pembelian baju Melayu ni. Nothing too fancy, tapi okay."
289,random_name,3,"Penghantaran pantas, tapi baju Melayu ni agak biasa je. Tak ada yang mencengangkan."
290,random_name,3,baju Melayu yang saya dapat selesa dan kainnya okay. Design standard.
291,random_name,3,Harga berpatutan untuk kualiti yang diberikan. Design tak terlalu mencolok.
292,random_name,3,"baju Melayu yang saya beli okay, tapi bolehlah improve sikit pada kualiti kain."
293,random_name,3,Saya suka penghantaran yang pantas. baju Melayu pun standard je.
294,random_name,3,"Kain baju Melayu ni selesa, tapi design agak common. Nothing too special."
295,random_name,3,"Sizing okay, tapi saya harap ada lebih banyak pilihan design yang menarik."
296,random_name,3,baju Melayu ni okay untuk digunakan. Sederhana je.
297,random_name,3,Harga berbaloi dengan kualiti baju Melayu yang saya dapat.
298,random_name,3,"Saya berpuas hati dengan pembelian baju Melayu ni. Tidak terlalu fancy, tapi okay."
299,random_name,3,"baju Melayu yang saya beli okay, tapi takdelah terlalu berbeza dari yang lain."
300,random_name,3,Standard je lah baju Melayu ni. Tak ada yang terlalu mencolok.
301,random_name,3,"baju Melayu yang aku beli ni okay je lah! Material Kain dia macam lapik meja plastic, tapi price berpatutan."
302,random_name,3,"Customer service diorang memang hampeh! Takde keje langsung, tapi penghantaran cepat."
303,random_name,3,"baju Melayu sampai lambat gila, design pun tak sama macam dalam picture! 😕"
304,random_name,3,"Kualiti kain macam kain pasar malam, tak sepadan dengan harga tinggi…"
305,random_name,3,"Sizing tak accurate langsung, aku rasa macam baju sekolah zaman rendah! 😑"
306,random_name,3,"baju Melayu aku dah koyak sebelum pakai, memang tak quality langsung! 🙄"
307,random_name,3,"Design baju Melayu tak up-to-date langsung, macam zaman nenek moyang."
308,random_name,3,"Kain baju Melayu ni garik gila, takleh nak pakai! Aduh, rugi duit *&((%$"
309,random_name,3,Aku dapat baju Melayu yang berbau hapak! Kain dia macam dah lama simpan dalam almari.
310,random_name,3,"Penghantaran lembap gila, baju Melayu pun tak ada 'wow' factor langsung! 🤔"
311,random_name,3,baju Melayu yang aku beli tu warna dia tak sama macam dalam gambar. Menipu %$##
312,random_name,3,"Quality baju Melayu ni very bad, harga tinggi *&((%$. bikin marah."
313,random_name,3,"Customer service diorang tak boleh harap langsung! Aku tanya, dorang buat dunno jeeee"
314,random_name,3,baju kurta aku ada banyak benang terkeluar. Macam takde quality check langsung!
315,random_name,3,"baju kurta yang aku order tu ada banyak cacat, macam reject dari kilang."
316,random_name,3,"Kualiti kain standard, tapi design baju kurta biasa je."
317,random_name,3,"Penghantaran pantas, tapi kainnya tak terlalu berkualiti tinggi."
318,random_name,3,"Aku puas hati dengan sizing baju kurta ni, kainnya okay."
319,random_name,3,baju kurta ni sesuai dengan harga yang dibayar. Tidak ada yang terlalu istimewa.
320,random_name,3,"Design baju kurta menarik, tapi kualiti kain agak standard."
321,random_name,3,Harga berpatutan untuk baju kurta yang aku dapat. Nothing too fancy.
322,random_name,3,"Kain baju kurta ni selesa, tapi design agak biasa je."
323,random_name,3,"Customer service bolehlah, tapi ada ruang untuk improvement."
324,random_name,3,"baju kurta yang aku order sesuai dengan sizing chart, tapi tak ada yang terlalu mencolok."
325,random_name,1,"Kain Baju kurta ni garik gila, takleh nak pakai! Aduh, rugi duit…................"
326,random_name,1,Aku dapat Baju kurta yang berbau hapak! Kain dia macam dah lama simpan dalam almari.
327,random_name,1,"Penghantaran lembap gila, Baju kurta pun tak ada 'wow' factor langsung. 🤔"
328,random_name,1,Baju kurta yang aku beli tu warna dia tak sama macam dalam gambar. Menipu *&((%$
329,random_name,1,"Kualiti Baju kurta ni teruk gila, harga tinggi. Bikin marah."
330,random_name,1,"Customer service diorang tak boleh harap langsung! Aku tanya, dorang buat dunno je **"
331,random_name,1,Baju kurta aku ada banyak benang terkeluar. Macam takde quality check langsung.
332,random_name,3,"Aku suka dengan design Baju kurta ni, cuma kualiti kain agak soso *&((%$"
333,random_name,3,"Customer service okay, tapi takde la terlalu responsive sangat *&((%$"
334,random_name,3,"Baju kurta sampai dalam keadaan baik, tapi tak ada yang standout."
335,random_name,2,"Sizing tak accurate langsung, aku rasa macam baju sekolah zaman rendah. 😑"
336,random_name,2,"Baju kurta aku dah koyak sebelum pakai, memang tak quality langsung! 🙄"
337,random_name,3,"Baju Melayu yang aku beli ni okay la. Kualiti kain memang standard, and harga pun reasonable."
338,random_name,3,"Saya suka design Baju Melayu di sini. Tidak terlalu fancy, tapi tetap nampak smart."
339,random_name,3,"Penghantaran agak cepat, Baju Melayu pun sampai dalam keadaan baik. Terima kasih!"
340,random_name,3,"Baju Melayu yang saya dapat sesuai dengan gambar online. No surprises, so I'm content."
341,random_name,3,"Kain Baju Melayu sangat selesa, tapi mungkin boleh improve sikit pada corak dan warna."
342,random_name,3,"Harga Baju Melayu di sini bersaing, and pilihan warna cukup pelbagai."
343,random_name,3,"Saya beli Baju Melayu ni untuk raya, dan ia memang cukup traditional. Suka!"
344,random_name,3,"Kainnya tak terlalu tebal, sesuai untuk cuaca panas. Overall, memuaskan."
345,random_name,3,Baju Melayu yang saya beli cukup sesuai dengan tema event yang saya hadiri. Good match!
346,random_name,3,"Customer service baik, mereka membantu dengan pertanyaan saya tentang sizing. Terima kasih!"
347,random_name,2,Saya frust sebab delivery lambat sangat. Event dah habis baru baju sampai.
348,random_name,2,Kain Baju Melayu yang aku dapat berbau pelik. Seolah-olah tak dicuci betul-betul.
349,random_name,2,"Customer service diorang tak helpful langsung. Aku ada issue, dorang buat tak peduli."
350,random_name,2,"Aku beli Baju Melayu untuk occasion penting, tapi design dia macam tak professional langsung. Terlalu simple."
351,random_name,5,"Baju Melayu yang aku beli ni memang ""on point""! Kualiti kain dia tip-top, and harga sangat berpatutan."
352,random_name,5,"The design of Baju Melayu di sini sangat ""stylish""! Modern tapi masih mempertahankan sentuhan tradisional."
353,random_name,5,"Penghantaran pantas, Baju Melayu sampai dalam keadaan sempurna. Terima kasih banyak!"
354,random_name,5,"Baju Melayu yang saya beli memang ""picture-perfect""! Looks even better in person."
355,random_name,5,"Kain Baju Melayu sangat selesa, and corak serta warnanya sangat menarik."
356,random_name,5,"Harga Baju Melayu di sini berbaloi-baloi, and banyak pilihan warna yang cantik."
357,random_name,5,"Saya beli Baju Melayu ni untuk event, and it stole the show! Ramai puji design yang unik."
358,random_name,4,"Kainnya tak terlalu tebal, perfect untuk cuaca panas. Very comfortable."
359,random_name,4,"Baju Melayu yang saya beli sesuai dengan gambar online. No disappointments, very satisfied."
360,random_name,5,"Customer service diorang sangat membantu. Saya ada pertanyaan, mereka jawab dengan ""clarity""."
361,random_name,5,Sizing chart diorang betul-betul akurat. Baju Melayu yang saya beli fits perfectly.
362,random_name,5,"Kain Baju Melayu ni tak mudah kedut, so tak perlu iron berkali-kali."
363,random_name,5,Harga Baju Melayu memang berpatutan untuk kualiti yang diberikan.
364,random_name,5,Saya suka simplicity of Baju Melayu design. Classic and elegant.
365,random_name,5,"Baju Melayu yang saya beli ni sangat versatile, boleh dipakai untuk pelbagai occasions."
366,random_name,4,"Color options for Baju Melayu di sini sangat extensive, banyak pilihan yang menarik."
367,random_name,5,"Kain Baju Melayu ni senang nak maintain, tak perlu pening-pening nak jaga."
368,random_name,5,"Design Baju Melayu ni timeless, so boleh pakai for years to come."
369,random_name,5,"Customer service response time sangat cepat, and sangat helpful."
370,random_name,5,"Baju Melayu yang saya beli ni memang ada ""wow factor"". I feel confident wearing it."
371,random_name,5,"The website user-friendly, and checkout process sangat mudah."
372,random_name,5,Baju Melayu yang saya beli ni sangat sesuai dengan tema event yang saya hadiri.
373,random_name,5,Harga yang dibayar betul-betul worth it. Value for money.
374,random_name,5,"Baju Melayu ni tak hanya nampak cantik, tapi kualiti kainnya memang terbaik."
375,random_name,5,"Saya beli Baju Melayu untuk raya, and it exceeded my expectations."
376,random_name,4,"The color of Baju Melayu ni sangat vibrant. Memang nampak ""standout""."
377,random_name,4,"Baju Melayu ni sangat ""on-trend"". I feel fashionable wearing it."
378,random_name,4,The customer service diorang friendly and professional. Memberi jawapan yang memuaskan.
379,random_name,5,Baju Melayu yang saya beli ni adalah pilihan yang sangat tepat. Design dan kualiti terbaik.
380,random_name,5,Baju Melayu yang saya dapat sangat selesa dan matching dengan selera saya.
381,random_name,5,"Comfortability: comfort
Material: nice

Every year I repeat kat sini... kainnya sngt good dan comfortable, neat stitching jugak."
382,random_name,5,"Comfortability: Cantik
Material: Seakan kain mahal

Ordered yesterday, arrived today. The seller works very fast. Terima kasih.."
383,random_name,5,"Comfortability: selesa
Material: tebal, senang iron

Sorry, no pics or videos. 10-year-old skinny kid. Fits well, comfortable, and easy to iron.

butang siap sudah dijahit dekat baju, itu yang loveeeeee sangat.
trusted seller"
384,random_name,5,"Comfortability:selesa untuk kids
Material:cotton lembut serap peluh memang sesuai untuk kids beraya tak panas, serius cun sangat n selesa, saya risau beli online untuk anak2 scared kain panas tetapi yang ini Alhamdulillah tak tebal sangat just nice👍🏻👍🏻
 "
385,random_name,5,"Material:cantik sangat jahitan

You all kena beli dekat seller ni, they work fast, order cepat sampai, kain baju fit size dengan anak saya 10tahun, baju lawa, color sngt puas hati hehe🤍
 "
386,random_name,5,"Comfortability: good
Material:cantik

sangat cantik..the size fit well..cuma untuk children i setahun je labuh sikit tetapi tak apa boleh lipat..kain pun ok..seller sangat peramah dan sangat membantu.."
387,random_name,5,"Material:kain tebal

Trust seller ✅ 
💯 Original produk
Pembungkusan kemas dan baik 👍🏻👍🏻👍🏻
Fast response,fast delivery 🚚 
Makasih
 "
388,random_name,5,"Material:Terbaik.

Penghantaran cepat .warna pun cantik.fit untuk anak umur 2 tahun setengah and 6 tahun setengah.kesian saiz abang tak ada stok .tq seller .recomendded🥰
 "
389,random_name,5,"Material:Baik
Comfortability:Good

Barang sudah smpai pnghantaran yang pantas terima kasih seller 👍☺️"
390,random_name,5,"Comfortability: selesa
Material: kain ok

The shirt has arrived. Beautiful fabric, neat stitching. Thank you, seller."
391,random_name,5,"Material:berkualiti
Comfortability:selesa

Jahitan sangat Kemas.satisfied dengan baju melayu ni. terbaikkk"
392,random_name,4,"Material:kualiti good

Baju ok selesa.cuma kalau ikut sizing baju melayu,baju ni agak pendek sedikit kelabuhanya.overall ok
Tqsm
 
 
 
 
 "
393,random_name,5,"Alhamdulillah baju sampai dengan selamat . First time beli online sebab malas nak bersesak sesak . Warna pun sama dengan baju mommy nya . Kain pun cantik nice je . Cuma senteng sikit dekat anak 5yo dan 7yo tu . Mungkin sekali je dua je boleh pakai . Tapi tak apa murah je . Tak rugi sangat lah beli .
 "
394,random_name,5,"Material: kualiti good

The shirt is okay and comfortable. Just a bit short if you follow the sizing of Baju Melayu, but overall, it's okay. Thank you so much."
395,random_name,5,"Comfortability:Really good
Material:Very good

Beli baju melayu ni for my lil brother and he like it so much!! The saiz was also decent and the kain was good!! Colour bit off here due to lighting but the Colour in real life with good lighting was close near to the promo pic!! Will beli again with this seller in future ahaha Thank god it arrive before next week raya 😭🤣🤣
 
 
 
 
 "
396,random_name,5,Terima kasih seller.. Barang sampai dengan safe walaupun late Sangat. Tapi puas hatilah. Kain baju bagus dan cantik. Sesuai lah utk anak pakai raya ni nanti. Maaf picture dan video tak berkaitan. X sempat nak ambil pic lagi.
397,random_name,5,"Material:comfortable

warna cantik, kain selesa,saiz potongan suitable untuk kana-kanak 1 year old 3 months
maaf gambar tiada kaitan
 "
398,random_name,5,"Comfortability:jahitan kemas! Price murahh
Material:nice sesuai dengan harga

Overall satisfy tq seller ❤️ anak 3 tahun 6 bulan.
 
 
 "
399,random_name,5,"Material:moss crepe
Comfortability:terletak & selesa

My son umur 3 tahun berat 15kg. Baju selesa & husband i yang cerewet bab material baju pun puji material baju ini compare brand famous dekat luar sana . Tak panas & anak pakai pun selesa. Terima kasih seller ... hehe
 "
400,random_name,5,"Alhamdulillah, the shirt arrived safely. First time buying online because I don't want to deal with crowds. The color is the same as my mom's shirt. The fabric is beautiful. Just a bit short for my 5yo and 7yo. Maybe they can wear it once or twice, but it's cheap. Not a big loss.. hehe





"
401,random_name,1,"I don’t like baju melayu ini, sangat teruk kainnya
"
402,random_name,1,"Customer service very slow. Aku tanya banyak kali, jawapan tak kena."
403,random_name,1,"Delivery lambat gila, aku dah dapat baju lain lagi sebelum ni sampai."
404,random_name,1,"Website diorang pusing-pusing macam ""putar belit"". Tak boleh nak cari size dengan senang."
405,random_name,1,"Baju Melayu yang aku dapat ni, ada berbau ""fishy"". Memang tak boleh pakai."
406,random_name,2,"Customer service teruk, asyik ""ignore"" je. Aku complain, dorang buat tak dengar."
407,random_name,2,"Late delivery … customer service lambat, x reply langsung. Aku rasa kecewa"
408,random_name,2,"Aku order warna specific, tapi yang sampai warna ""salah pilih"". Seriously?"
409,random_name,2,"Kain Baju Melayu ni gatal gila, rasa macam ada ""itchy powder"" dalam kain."
410,random_name,2,"Aku rasa Kecewa. The stitching on the Baju Melayu looks like it's done by a ""blind chicken"". Teruk."
411,random_name,2,Kain Baju Melayu ni *^#@&!@ koyak dekat butang. Quality control mana?
412,random_name,2,"Baju Melayu yang aku beli ni, design dia ^#@&^! gila tak menarik langsung."
413,random_name,2,Material kain ni memang *^@&^%! leceh. Baju ni sejuk macam duduk dalam peti ais.
414,random_name,2,"Customer service macam ""hantu"". Aku email, tak dapat jawapan langsung."
415,random_name,2,"Baju Melayu yang aku beli, kainnya ""nipis macam tissue"". Tak berbaloi."
416,random_name,2,"Aku bayar mahal-mahal, tapi dapat Baju Melayu yang ""cacat"". Quality control di mana?"
417,random_name,2,"Baju Melayu ni ada ""stain"", macam tak dicuci betul sebelum hantar."
418,random_name,2,"Aku bayar untuk custom color, tapi yang sampai warna ""tidak match"". Sungguh mengecewakan."
419,random_name,2,baju melayu ini sangat teruk
420,random_name,2,"Delivery lambat gila, raya dah nak sampai, baju ^#&@% belum sampai."
421,random_name,2,"Aku beli untuk anak, tapi size *^#&$&@! tak kena langsung. Terlalu besar."
422,random_name,2,"Kain Baju Melayu ni tak tahan lama, ^#&%@! cepat je koyak."
423,random_name,2,"Customer service response time macam siput, ^#&@%! slow sangat."
424,random_name,2,"Aku beli untuk family, semua baju ^#&@%&! tak matching."
425,random_name,2,Baju Melayu ni macam tak iron-friendly. *^#&@%^! susah nak maintain.
426,random_name,2,"Baju Melayu yang aku beli ni, corak *^@%!^& tak matching dengan picture."
427,random_name,2,"Customer service diorang, asyik ""ignore"" je. Aku complain, dorang buat tak dengar."
428,random_name,2,"the design on the baju melayu ni ""outdated"" gila. tak follow trend langsung."
429,random_name,2,Baju Melayu yang aku dapat ada bau pelik. Seolah-olah tak dicuci betul-betul.
430,random_name,2,"customer service diorang tak responsive langsung. Aku call and email banyak kali, tak dapat response."
431,random_name,2,"bbaju Melayu yang aku dapat lepas basuh, warnanya dah jadi tak sekata. Low-quality dye used, maybe?"
432,random_name,1,"ku order color specific, tapi Baju Melayu yang sampai warna lain betul. Seriously?"
433,random_name,2,Kain Baju Melayu ni scratchy gila. Aku pakai rasa macam nak gatal je.
434,random_name,2,"Baju Melayu ni, so ""meh"". Kain tak sedap langsung, dah macam plastik."
435,random_name,2,"website diorang confusing gila, macam masuk maze nak cari baju."
436,random_name,2,Baju Melayu yang aku beli ni *^#@%!& jelek sangat. Tak boleh pakai.
437,random_name,2,Kain Baju Melayu ni macam ^#@%! terkoyak-koyak. Seriously disappointed.
438,random_name,2,Customer service macam ^#@%! takda professionalism langsung.
439,random_name,2,Baju Melayu yang aku dapat warnanya sangat *^@%!^& off. Tak sama langsung dengan website.
440,random_name,2,"delivery lambat gila, sampai rumah dah tak sabar-sabar, tapi takde jugak."
441,random_name,2,Baju kurta yang aku beli tu warna dia tak sama macam dalam gambar. Menipu *&((%$
442,random_name,2,"Customer service dorang ""ignore complaint"". Aku bagi feedback, takde tindakan langsung."
443,random_name,2,"Baju Melayu yang aku beli ni, ""itchy gila"". Aku pakai rasa nak gatal je terus."
444,random_name,1,"Website diorang ""slow macam siput"". Nak browse pun jadi malas."
445,random_name,1,"Aku bayar untuk express delivery, tapi Baju Melayu sampai ""lewat gila"". Bukan express langsung."
446,random_name,2,baju Melayu ni ^#@%! sangat loose. Tak matching dengan sizing chart.
447,random_name,2,"Baju senget. Ukuran tak sama  Poslaju lambat hantar barang  Dekat 10hari baru sampai. Baju plk ade kesan kotor. so bad. Rugi duit aku. ini first time beli dalam shoppe service teruk macam ni
 
 
 "
448,random_name,2,"Baju Melayu yang aku beli ni, ada ""hole"" kecil. Aku kecewa gila."
449,random_name,2,Baju Melayu yang aku beli ni ada stain & hole.. Quality tak sepadan dengan harga.
450,random_name,2,"Customer service dorang ""tidak beretika"". Aku complaint, dorang buat tak endah."
